<?xml version='1.0'?>
<module>
	<exporttime>2018-03-18 16:52:00</exporttime>
	<name>Fattura24</name>
	<label>Fattura24</label>
	<parent>Tools</parent>
	<type>extension</type>
	<version>700.0.3</version>
	<dependencies>
		<vtiger_version>7.0.0</vtiger_version>
		<vtiger_max_version>7.*</vtiger_max_version>
	</dependencies>

	<license>
		<inline><![CDATA[
  **************************************************************************************
 *  Module              : Fattura24
 *  Version             : 1.0.0-BETA
 *  Vtiger              : 7.0.0, 7.0.1
 *  Author              : Tommaso Bilotta - web: www.bilotta.biz - email: tommaso@bilotta.biz
 *  Supported browsers  : Internet Explorer 7 or higher, Mozilla Firefox 3.0 or higher
 *  Licenza		: GPLv3 - https://opensource.org/licenses/GPL-3.0
 ***************************************************************************************
 		Software BETA. 
		]]></inline>
	</license>

</module> 
